Hashtags,Number of Occurence
SMTLive,14
startup,1
SmallBusinessWeek,2
ecommerce,1
GML2021,2
GoogleIO,2
GoogleAdsTutorials,2
WomensHistoryMonth,2
GoogleForIndia,1
WomenWill,1
GooglePartners,1
BlackHistoryMonth,1
Web,1
FridayFeeling,1
NAIDOCWeek,1
Pride,8
ShareWithPride,2
NationalBestFriendsDay,1
pride,3
pridefamily,1
genderfluid,1
gayvisibility,1
TakeABreak,2
MentalHealthAwarenessMonth,1
WeeklyFluff,2
this,1
MothersDay,1
MayThe4thBeWithYou,1
APIHM,1
NFLdraft,1
NationalPetDay,1
JuneTeenth2021,1
WorldBloodDonorDay,1
APAHM,1
EarthDay,2
