b'Fintech Payment Trends in 2021 Six Experts Weigh In https://t.co/bTmWzCC9pU #crypto #bitcoin #fintech #finance #news',b'Let this be my will Upon death please dry out my corpse grind me up and mix me into the feedstock of a coal fired https://t.co/xGvY2mpBVo',b'RT Bumped into a nocoiner who has heard me talk about #Bitcoin since $500 He said its all over. GG',b'#Bitcoin is down!! Lo siento Cryptos!! #BitcoinCrash',b'RT #Cryptocurency #bscgems #investing #shiba #BTC #bitcoin #Bitrue3rdAnniversary ShibaRise IS th\xe2\x80\xa6',b'RT How #Quant $QNT is helping shape the future of financial systems in Latin America \xe2\x80\x9cWe are actually creating the Lat\xe2\x80\xa6',b'Dude Gary taught a Bitcoin course at MIT GTFOH',"b""RT #Bitcoin $BTC Maybe I'm crazy but I still believe https://t.co/Hi5MokEygY""",b'RT Bitcoin may never go above $30k again in my lifetime good night',b'_hanke With greater adoption comes less volatility Like anything with value and mediums used to exchange va https://t.co/UXYorlHvaf'
b'RT 29k #bitcoin is a \xf0\x9f\x8e\x81.',b'RT _ On boarding people to #Bitcoin is the most essential work there is.',b'Bitcoin FALLS Through $30k Cardano Discount INCOMING! #crypto #dogecoin #bitcoin https://t.co/FuooZZ1Zbx https://t.co/UlecMhQANI',b'_porter Bitcoin is an *emerging store of value That\xe2\x80\x99s what George can\xe2\x80\x99t grasp.',"b'ConsumerAffairs Bitcoin drops below $30,000 as $90 billion is erased from the cryptocurrency market https://t.co/dDxAB6HuYx'"
b'RT 800000 $SFC crypto-adoption promo on LATOKEN Earn a share of 400k in $SFC by simply doing easy social tasks Invite\xe2\x80\xa6',b'Everything in life (and death is pre paid for when you save in #Bitcoin',b'If Satoshi were a little snarkier he might\xe2\x80\x99ve called it \xe2\x80\x98bitcoin undermining.\xe2\x80\x99',"b'It\xe2\x80\x99s been 2.5 hours into the new day in crypto and everything is at a stand still $116 dollar candle at $29,000 https://t.co/2rVRefSwCG'","b""RT _Archive Cathie Wood's ARK Invest bought another ~310,000 shares of Grayscale Bitcoin Trust yesterday \xf0\x9f\xa4\x8c\xf0\x9f\xa4\xa9"""
b'RT Stealing \xe2\x80\x99s idea of the Twitter fiat dump-train \xf0\x9f\x9a\x82 Dumped some Fiat this morning #Bitcoin',b'RT $1000 sent to 10 people 100 each I will always try my best to give it back to my awesome community and spread positiv\xe2\x80\xa6',b'Cryptocurrencies have boomed recently especially in 2020 which was fuelled by the pandemic outbreak You probably https://t.co/1TQtzWn7kS',b'RT _Archive Our clients say #Bitcoin is an asset class and they want to invest JP Morgan',"b""RT _bizbrain Bitcoin ATM's BTMs Kiosks they all refer to the same \xf0\x9f\x99\x8c\xf0\x9f\x8f\xbc\xf0\x9f\x98\x8e""","b""RT So recently I have been seeing people saying that safemoon was dead because it isn't moving with the rest of the market A\xe2\x80\xa6""","b""Live #Bitcoin Price $29,804 That's a decrease of 1.65 in the last 24hrs \xf0\x9f\x93\x89 Perfect time to jump in? Buy with https://t.co/NGNLADnjKc""","b""Treasury Secretary Yellen Asks US Regulators Overseeing Crypto Assets to 'Act Quickly to Regulate Stablecoins Re https://t.co/CYWDHcr3ov""","b'RT BTC is down time to buy the dip But first #AAX is giving away\xf0\x9f\x92\xb0US$10,000 worth of Bitcoin!\xf0\x9f\xa5\xb3 Be one of the 10 lucky wi\xe2\x80\xa6'",b'RT New #Airdrop Retro DeFi Reward Up to 5K RTR [~$11.5 3.4M RTR [~$2K referral pool Start the airdrop bot https\xe2\x80\xa6'
"b'Bitcoin slips below $30,000 \xe2\x80\x98key support as stock market rebound leaves cryptos behind https://t.co/mFwYlhhqwP'",b'RT Soon the crypto community will be talking about us and how they missed this opportunity of buying in DIP \xf0\x9f\x92\x9b #Cryptocurency #\xe2\x80\xa6',b'RT What would you do with one #Bitcoin right now?',b'RT \xf0\x9d\x90\x93\xf0\x9d\x90\xa8\xf0\x9d\x90\xa6\xf0\x9d\x90\xa8\xf0\x9d\x90\xab\xf0\x9d\x90\xab\xf0\x9d\x90\xa8\xf0\x9d\x90\xb0 and discuss all things #Bitcoin Join us live for #TheBWord where no question is o\xe2\x80\xa6',"b""SAFEMOON'S PRICE WILL NOT BE TIED TO BITCOIN'S FOR LONG https://t.co/NEPqi0u5MP via"""
b'that said I hold some options on bitcoin $btcc and some $doge but I don\xe2\x80\x99t plan on investing any more https://t.co/RR1sw2aRrA',b'\xf0\x9f\x98\x80#Binance #Bitcoin #Ethereum #Dogecoin #BNB #UP . The Word Live with Cathie Wood Jack Dorsey &amp Elon Musk https://t.co/93uoiOZ5vw',b'RT Seems fitting #HODL #Bitcoin credit https://t.co/ZpMEJhQLdH',"b""RT Pulsechain has raised approx $25 million for SRF longevity research 'largest charitable donation ever in the history of cr\xe2\x80\xa6""",b'The ultimate achievement would be creating the Metanet version of PageRank to search s https://t.co/gOZnGqsYvs',b'those who attack bitcoin maybe don\xe2\x80\x99t realize that bitcoin represents hope for so many people https://t.co/cXI9X9G9mm',b'RT \xf0\x9f\x91\xb6\xf0\x9f\x8f\xbcWe are excited to announce that yesterday July 19 the first donation was made at THE EXODO foundation we will cont\xe2\x80\xa6',"b'Block 691942 \xe2\x9b\x8f 21st Jul 2021 02:45:01 GMT 1,306 tx with a value of 34,983.733 ($1.04b \xf0\x9f\x87\xba\xf0\x9f\x87\xb8 distributed https://t.co/r7MHJr9tZG'",b'_bitcoin_bum I get your point I too enjoy my workouts .. my wording was prob off .. what I meant to convey w https://t.co/Q8G8TqGLqU',b'RT BREAKING ELON MUSK AND TESLA SELL ALL THEIR BITCOIN HOLDINGS BELOW 30K TO GO ALL IN ON DOGECOIN IN HOPES OF MAKING IT BA\xe2\x80\xa6'
b'RT Hey Bitcoin HYBN Airdrop Rewards totaling $55000 18500 users will earn Easy social tasks Retweet this tweet \xf0\x9f\x92\xad\xe2\x80\xa6',b'RT Buy buy buy #Bitcoin #cryptocurrency #cryptoc\xe2\x80\xa6',b'\xf0\x9f\x94\xbb\xf0\x9f\x94\xbb $ALICE Short Position(v1 \xf0\x9f\x94\xbb\xf0\x9f\x94\xbb\xf0\x9f\x94\xbb Entry Price 4.76 Target:4.737 Stop:4.808 #Binance #Bitcoin #Signals #Sell #ALICEUSDT #ALICE',b'RT #BITCOIN Like me/you/us #VIP Born to be WILD #VIP #ANGELPOWER \xe2\x80\xa6',b'RT Congrats \xf0\x9f\x9b\xb0 _com airdrop 500 SPACE 400 Bitcoin crypto draw alts https://t.co/cLHWlTkDrF',b'Wondering here How much has $TSLA actually made from selling their cars vs how much they have lost on Bitcoin? I https://t.co/BnCDkQNsc1',b'Buy BTC With Your Credit Card Fast Crypto Exchange https://t.co/GwaCvQyQbc #Bitcoin #BTC #ETH #XRP https://t.co/9tofbtca7p',"b""RT Calling inflation 'transitory is dishonest They promised to only devalue your money by ~2 a year Having a blowout year\xe2\x80\xa6""",b'RT Buy Ascoin Now! #ascoindex #ascoin #borsa #bitcoin #Ethereum #borsa #crypto https://t.co/RnvxrIFQUD',"b'RT \xf0\x9f\x9a\x80Huge Airdrop to promote Allowance\xf0\x9f\x8e\x89 \xf0\x9f\x92\xb010,000,000 Allowance for 50 lucky participants \xf0\x9f\x92\xb010,000 Allowance for first 10,000\xe2\x80\xa6'"
b'RT Praying to the crypto gods to help #Bitcoin get up off its knees.',"b'RT _slick $2,000 in #Bitcoin to one person that Retweets and Follows Ends in 48 hours Good luck \xe2\x98\x98\xef\xb8\x8f'",b'RT @__elliekim _token ofc still holding $SHIB together with my $BNB $DPET $AXS &amp i got some #Bitcoin too \xf0\x9f\x98\x84 but i\xe2\x80\x99ve also been mi\xe2\x80\xa6',"b'RT _slick $2,000 in #Bitcoin to one person that Retweets and Follows Ends in 48 hours Good luck \xe2\x98\x98\xef\xb8\x8f'","b'RT _Ph Jack dorsey, and set for live talk during #bitcoin conference this week #blockchain #crypto \xe2\x80\xa6'","b""RT _exe _btc That's a long run In previous cycles time from #Bitcoin halving-to-top is nearly equidistant t\xe2\x80\xa6""","b'Bitcoin (BTC Tanks Under $30,000 Here are Next Support Levels https://t.co/ClZtFpZeOf The world\xe2\x80\x99s largest crypto https://t.co/0JjA10Sy2k'",b'RT Which cryptocurrency flip #USDtether for 3rd ranking in ? #bitcoin #Ethereum #shibainu #Polkadot #ada\xe2\x80\xa6',b'In this market given the CCC-esque yield its quite fairly priced IMO given the security I do under https://t.co/xTykpVVDTc',b'Withdrawing #Bitcoin to a cold wallet is like withdrawing physical cash to your pocket Banning it is https://t.co/v9wXFw6kbI'
b'RT If you\xe2\x80\x99ve been on the side lines under $30k is the best deal of the year so far #Bitcoin',"b""I'm not gonna lie just to stay rich or blah b b if the coin isn't good make it better &amp keep up Bitcoin isn't t https://t.co/oa87PGkBxx""","b""That's crazy Wtf are they using chicken wings to mine Bitcoin now \xf0\x9f\x98\x86""",b'Hardly so any tweets about bitcoin falling below 30k https://t.co/hlX5Y3GTgc',"b""RT That's exactly what I see in the DOM Someone should edit this and put the bitcoin Depth Of Market chart The buy-side is\xe2\x80\xa6""",b'Fidelity Digital Is Expanding Workforce By 70 Due To Crypto Demand #Bitcoin #News https://t.co/GygIMm99w6 #technology',b'RT The China crackdown is making Bitcoin mining more profitable than ever https://t.co/gBT7gf1mqg',b'RT #Bitcoin under 30K sure looks like a bargain',b'RT With more companies accepting #bitcoin for goods and MasterCard Visa and Paypal making it easier for businesses to accept\xe2\x80\xa6',"b'A ""fungible asset is something with units that can be readily interchanged like money ($10 bill 2x $5 bills). https://t.co/nxjsmK80fm'"
b'RT MeroeChain $10000 crypto airdrop! Total reward 35 mln MRC coins Avg reward per user $5 Like and Retweet this\xe2\x80\xa6',b'RT _BTC I\xe2\x80\x99m buying more bitcoin now',b'RT The latest Bitcoin dip has most analysts predicting further depressive moves but not Is history enough to k\xe2\x80\xa6',b'_hanke How do you know what the volatility is going to be in the future You\xe2\x80\x99re assuming Bitcoin adoption and https://t.co/AX0ZAcjgyw',b'\xf0\x9f\x9a\xa86 $BTC in Bonus Sign up at https://t.co/AxGVPedsMs Range of choices for #Trades at _io #dogecoin \xe2\x9c\x85 https://t.co/2O5Zmf7NEt',b'RT _saylor #Bitcoin fundamentals have never looked better.',b'He can keep his hands off my bitcoin! \xf0\x9f\x98\xa1....\xf0\x9f\xa4\xa3\xf0\x9f\xa4\xa3\xf0\x9f\xa4\xa3',b'RT With a 10k down day on #Bitcoin behind us lets look forward for a 10k up day.',b'RT The China crackdown is making Bitcoin mining more profitable than ever https://t.co/gBT7gf1mqg',b'RT #Bitcoin moves nearly half a million dollars in value around the globe permissionlessly every second It was never about tra\xe2\x80\xa6'
"b""Good project . Is trying to achieve what other coin hasn't to change the world for the b https://t.co/YUJGxV4Chq""",b'RT The B-word event is tomorrow where the teams of and invited folks to discuss #bitcoin for institut\xe2\x80\xa6',b'RT Volumes of #Bitcoin investment products continue to record outflows Yet the authors of the CoinShares Weekly Report do\xe2\x80\xa6',"b'RT Late Monday Bitcoin fell below $30,000 for the first time since Jun 22 wiping $90 billion from circulation in a span of fewer\xe2\x80\xa6'",b'RT Photo of the decade A Tibetan woman in Sichuan China salvaging #Bitcoin mining machines as the government bans their\xe2\x80\xa6',b'RT I\xe2\x80\x99m interested in hearing Elon Musk and Jack talk #Bitcoin and what effect it has on the market.',b'RT \xe2\x80\x9cIf #bitcoin starts to displace fiat currencies governments ability to tax spend and redistribute will be severely impai\xe2\x80\xa6',"b""Don't miss the live session of #TheBWord featuring and sharing their thoughts on Bit https://t.co/SFmty6EIaz""",b'hey is the date possibly pushed further out to stay aligned to the linear regression ch https://t.co/98PWZn4gke',"b""RT IQ psychology Britannica Encyclopaedia Britannica's editors oversee subject areas in which they have extensive knowled\xe2\x80\xa6"""
b'RT \xf0\x9f\x8d\xbbTo Celebrate the #FIFAWorldCup2018 \xe2\x9a\xbd we\xe2\x80\x99ll be running a daily guess-contest find the score and win the $BAT jackpot \xf0\x9f\x8e\xb2#\xe2\x80\xa6',b'RT _saylor You can\xe2\x80\x99t take it with you unless it\xe2\x80\x99s #bitcoin.',b'RT The Kyros Community is now 10k strong \xf0\x9f\x8e\x89 To celebrate this milestone we are giving away $1000 in #bitcoin Prizes: 1 $\xe2\x80\xa6',"b""RT _official Exactly 6 months ago everyone is praying for a cheaper #Bitcoin and #Cryptocurency Well now's your chance isn't it?\xe2\x80\xa6""",b'_Fund #KeyFundFinance #KeyFund #KEY #blockchain #cryptocurrency #technology #bitcoin # Very nice project.i am https://t.co/XBU3dDwAQ8',"b'RT _slick $2,000 in #Bitcoin to one person that Retweets and Follows Ends in 48 hours Good luck \xe2\x98\x98\xef\xb8\x8f'",b'RT If you\xe2\x80\x99ve been on the side lines under $30k is the best deal of the year so far #Bitcoin',"b'RT Late Monday Bitcoin fell below $30,000 for the first time since Jun 22 wiping $90 billion from circulation in a span of fewer\xe2\x80\xa6'",b'RT __Cuen Any teen girls interested in bitcoin &amp coding can DM me I\xe2\x80\x99ll add them to an invite-only chat to help them find mentors &amp tip\xe2\x80\xa6',b'RT _crypto ngl bitcoin hanging on to 29k like this is pretty impressive'
b'RT Uhhhh guys are you seeing this First JP Morgan said that #bitcoin is a popular asset to invest in now CNBC is sayin\xe2\x80\xa6',b'trick move to trap traders \xf0\x9f\x8e\xad closed buy positions and reduced bids lower to underneath 27000 (24000 possibly LOD) https://t.co/EvaSwnMP51',b'RT _exe #Bitcoin bear-trap at the 1.618 Golden Ratio Happens every cycle during summer Mania has not come to #BTC yet The\xe2\x80\xa6',"b""For all those who are new to this working from home Bitcoin trading options Here's a little ti https://t.co/mZY3wUT3Bl""","b""thanks but Sadly if Bitcoin doesn't go up XRP doesn't go up either...""",b'TA #Bitcoin Bears Lose Strength What Could Trigger A Decent Recovery #crypto #cryptocurrencies #cryptonews https://t.co/rVUglpXZYg',"b'RT Bitcoin For Georgia How To Use Bitcoin As A Nation! ""Emerging nations like Georgia can become ascendant countries an\xe2\x80\xa6'",b'RT Lets recap the day for far 1 Jeff Bezos died in space 2 Bitcoin crashed to $17k 3 The SEC arrested Elon Musk 4 Sc\xe2\x80\xa6',b'you hold...you get #Bitcoin .... welcome to the new Crypto gold rush \xf0\x9f\x94\xa5.. always DYOR',"b'RT THE SHIFT FROM SWIFT IS HAPPENING ""75 of big global banks especially US ones are pulling out of the international cor\xe2\x80\xa6'"
b'\xf0\x9f\xa4\x93\xf0\x9f\xa4\x94 #knownews #$BTC #bitcoin #bnb #CryptoCurrency #eth #ethereum TA Bitcoin Bears Lose Strength What Could https://t.co/QMEomjxZL1',"b""This Data Suggests That Bitcoin Investors Shouldn't Miss These Crypto Trading Signals https://t.co/xSetMQw7yw""",b'RT $230 in #bitcoin (Reroll)\xf0\x9f\x8e\x81 Retweet &amp Follow \xe2\x9a\x9c\xef\xb8\x8f',b'#linkedin #twitter #facebook #instagram #shoppingonline #tiktok #socialmedia #tumblr #dogecoin #deal #gift #gifts https://t.co/tuu2wLX7Fi',b'#businessopportunity #businesstip #businessowners #affiliatemarketing Check my website for #affiliate #referral https://t.co/MMPXW6Pw4h',b'#tumblr #twitter #facebook #instagram #shoppingonline #dogecoin #socialmedia #pinterest #doge #deal #gift #gifts https://t.co/s2YZOFaTWn',b'Hmmm.. the tides are turning folks https://t.co/jDUvs0EvMt',b'\xf0\x9f\x9a\xa8 THERE WAS A LARGE BITCOIN (500 BTC TRANSACTION AT HASH 468e58f43534ba86640bc379c8e6b49747fdc1bb2478a7728c19a62f https://t.co/TXzmyEF9oP',b'Watch the video and enjoy the ultimate mining experience with CryptoTab *Earn Bitcoin Today *Affiliate Boost Syste https://t.co/yZAGt46Jj8',b'RT MeroeChain $10000 crypto airdrop! Total reward 35 mln MRC coins Avg reward per user $5 Like and Retweet this\xe2\x80\xa6'
b'RT MeroeChain $10000 crypto airdrop! Total reward 35 mln MRC coins Avg reward per user $5 Like and Retweet this\xe2\x80\xa6',"b""RT _Us THIS CAUSED THE BITCOIN DIP WHY I'M EVEN MORE BULLISH https://t.co/HYmxk5a91H""",b'@_CleanH2O \xf0\x9f\x91\x8f Myetherwallet supports Cardano Airdrop Claim coins _CARDANO',b'RT You only need to check the price of #bitcoin once every four years.',b'RT $28K LATOKEN SPACE Crypto Airdrop Easy social tasks Rewards for 20K users Like &amp RT this tweet Get the #Lat\xe2\x80\xa6',b'RT New #Airdrop NFT Tone Reward Up to 4B TONE [~$2.2 2.7T TONE [~$1.500 referral pool Start the airdrop bot htt\xe2\x80\xa6',b'RT Bitcoin mining isn\xe2\x80\x99t nearly as bad for the environment as it used to be new data shows https://t.co/ofgNdz2zpz',b'If you believe in crypto you should want the price to go down as low as possible so you can buy as much as possib https://t.co/WH3KpRlqmq',b'RT \xf0\x9f\x91\xbb25500 SOUL token giveaway for 5000 winners &amp top 5 referral Rule \xf0\x9f\x8e\x83Join https://t.co/wqEE3CpaDI \xf0\x9f\x8e\x83Join https://t.co/qt6Y\xe2\x80\xa6',b'the EU wants to make bitcoin more traceable https://t.co/io4iWaUDDl'
b'Next block fee rate 8 sat/vByte Half hour fee rate 5 sat/vByte Hour fee rate 4 sat/vByte You can broadcast now https://t.co/xdtoVNjgCR',b'RT #Bitcoin critics have maligned it for polluting the planet but new Cambridge data shows BTC mining isn\xe2\x80\x99t nearly as bad\xe2\x80\xa6',b'Bitcoin just drinking too much like many of us lately',b'EU plans to make Bitcoin transfers more traceable https://t.co/bQywOklUeV',"b""When do we begin the big marketing push homies LMK Been w you guys since 2017 Not the start but you're https://t.co/2L6UgjToHw""",b'good project hopefully in the future it can be even more successful for the team https://t.co/cn5C3Sk6K0',b'Has ever mentioned #Bitcoin?',b'Still hodling strong \xf0\x9f\x92\xaa #HODLing #hodl #cryptocurrency #cryptocurrencies #bitcoin #canada #canadian #btc #xrp #xrparmy #',"b""RT #Bitcoin $BTC Maybe I'm crazy but I still believe https://t.co/Hi5MokEygY""",b'RT \xe2\x80\x9cThe B Word should be extremely interesting tomorrow (07/21/21) I wonder if will drop a \xe2\x80\x9c word while spe\xe2\x80\xa6'
b'RT Here is a useful Github repo that allows you to learn Python in a playful way It contains code examples of many diff\xe2\x80\xa6',"b""RT Day 50 of #100DaysOfCode Yeeeehhh\xf0\x9f\xa5\xb3\xf0\x9f\xa5\xb3\xf0\x9f\xa5\xb3\xf0\x9f\x92\xa5 I'm halfway into the course lots of knowledge lots of experience Buit an auto ti\xe2\x80\xa6""","b""RT Day 50 of #100DaysOfCode Yeeeehhh\xf0\x9f\xa5\xb3\xf0\x9f\xa5\xb3\xf0\x9f\xa5\xb3\xf0\x9f\x92\xa5 I'm halfway into the course lots of knowledge lots of experience Buit an auto ti\xe2\x80\xa6""",b'If you\xe2\x80\x99re counting sketch comedy Python had 4 seasons.',b'RT #indiegames #indiedev #IndieGameDev #indiemusic #indie #science #laicism #TFSM #LGBTQ #Infosec #cybersecurity #javascrip\xe2\x80\xa6',b'RT #indiegames #indiedev #IndieGameDev #indiemusic #indie #science #laicism #TFSM #LGBTQ #Infosec #cybersecurity #javascrip\xe2\x80\xa6',b'RT #indiegames #indiedev #IndieGameDev #indiemusic #indie #science #laicism #TFSM #LGBTQ #Infosec #cybersecurity #javascrip\xe2\x80\xa6',"b""RT ...coz old men don't dig #fashion \xf0\x9f\x98\x90 #indiegames #indiedev #IndieGameDev #indiemusic #indie #sc\xe2\x80\xa6""",b'RT We do Online class #Sociology #Exams #Final paper #Math #Calculus #Someone help #Thesis #Dissertation #Stats #Essays du\xe2\x80\xa6',b'To get help in: #Math hw #excel #Project Pay Essay due #Paywrite #English #Paper pay #Someone do help #Case https://t.co/khkoswMev2'
b'RT Tom Brady\xe2\x80\x99s First #NFT Platform Partners With Lionsgate and DraftKings.... Can His Blockchain Be Hacked https://t.co\xe2\x80\xa6',b'RT Domain For Sale https://t.co/dTkVa9AGxK #ChickenChangezi #ChangeziChicken #Chicken #chickenrecipes #chickenrecipe #recipe #\xe2\x80\xa6',b'RT Oh Jason I miss you https://t.co/xKjUaaQr9T',b'RT Make mistake.. \xf0\x9f\x92\xab #learning #NieR #\xe3\x82\xa4\xe3\x83\x8b\xe3\x82\xb7\xe3\x82\xa8\xe3\x83\x8e\xe3\x82\xa6\xe3\x82\xbf #OpeningCeremony #\xe3\x82\xb2\xe3\x83\xbc\xe3\x83\xa0\xe9\x9f\xb3\xe6\xa5\xbd #\xe3\x82\xb2\xe3\x83\xbc\xe3\x83\xa0\xe9\x9f\xb3 #Olympics #nomin #DeltaVariant #\xe6\x9d\xb1\xe4\xba\xac2020 #\xe2\x80\xa6',b'No Its the next Monty Python sketch Its not a new variant.. its a very naughty boy',b'RT On my Twitter journey I wrote a lot of threads on DevOps AWS and Python. Here are some of my best ones \xf0\x9f\x91\x87',b'RT #FEATURED #COURSES Machine Learning Data Science and Deep Learning with Python Complete hands-on #machine #learning tutoria\xe2\x80\xa6',b'RT . Domains For sale https://t.co/0YeRs3JJLb https://t.co/ke7bPV3rhW https://t.co/sLmytllUpy #LearnData #Data #datascience #1\xe2\x80\xa6',b'RT _7 Speakers to Explore \xe2\x80\x98Artificial Intelligence Today and Tomorrow on July 8 as Part of BIL-T Conference Series EIN Ne\xe2\x80\xa6',b'RT . Domains For sale https://t.co/0YeRs3JJLb https://t.co/ke7bPV3rhW https://t.co/sLmytllUpy #LearnData #Data #datascience #1\xe2\x80\xa6',b'RT . Domains For sale https://t.co/0YeRs3JJLb https://t.co/ke7bPV3rhW https://t.co/sLmytllUpy #LearnData #Data #datascience #1\xe2\x80\xa6',b'RT On my Twitter journey I wrote a lot of threads on DevOps AWS and Python. Here are some of my best ones \xf0\x9f\x91\x87',b'RT . Domain For Sale https://t.co/mjXvyZ7T9r #aisa #trader #NoviAsia #Novi #cryptowallet #Marketing #Media #News #Startups #10\xe2\x80\xa6',b'RT How AI is Revolutionizing Video Creation https://t.co/pHo3HRRoXL #artificialintelligence #ai #machinelearning #technology\xe2\x80\xa6',b'RT _ Double Q-Learning &amp Double DQN with Python and TensorFlow https://t.co/bCMSc9OfTd #Tensorflow',b'RT . Domain For Sale https://t.co/mjXvyZ7T9r #aisa #trader #NoviAsia #Novi #cryptowallet #Marketing #Media #News #Startups #10\xe2\x80\xa6',"b""RT _hameed #MWC2021 'Lagging behind Spain looking to be leader in artificial intelligence says Carme Artigas https://t.co/3bTObpUYw\xe2\x80\xa6""",b'RT How AI is Revolutionizing Video Creation https://t.co/pHo3HRRoXL #artificialintelligence #ai #machinelearning #technology\xe2\x80\xa6',b'RT Top 3 ways to write your tensorflow code \xe2\x9c\x85\xe2\x9e\xa1\xef\xb8\x8f https://t.co/sHBbUzbWcI #DataScience #100DaysOfCode #Python #MachineLearning\xe2\x80\xa6',b'RT Linux Privilege Escalation Python Library Hijacking https://t.co/Qnd9g0cavt #infosec #pentest #redteaming #cybersec\xe2\x80\xa6',b'RT . Domain For Sale https://t.co/mjXvyZ7T9r #aisa #trader #NoviAsia #Novi #cryptowallet #Marketing #Media #News #Startups #10\xe2\x80\xa6',b'RT Is this future of coding? #AI #MachineLearning #coding #RStats #javascript #reactjs #Python \xe2\x80\xa6',b'RT _Coupons1 Adobe Illustrator CC Beginner Essentials Masterclass https://t.co/maPiwDHDgx #MachineLearning #BigData #Analytics #\xe2\x80\xa6',"b""22 Nuest holding and picturing with python (ft Ren's signature eye rolling\xf0\x9f\x99\x84 https://t.co/art5PbkJcW""",b'RT How AI is Revolutionizing Video Creation https://t.co/pHo3HRRoXL #artificialintelligence #ai #machinelearning #technology\xe2\x80\xa6',b'RT _Coupons1 Adobe Illustrator CC Beginner Essentials Masterclass https://t.co/maPiwDHDgx #MachineLearning #BigData #Analytics #\xe2\x80\xa6',b'RT Linux Privilege Escalation Python Library Hijacking https://t.co/Qnd9g0cavt #infosec #pentest #redteaming #cybersec\xe2\x80\xa6',b'RT \xf0\x9f\xa7\xb5The Latin America #ScikitLearnSprint sprint report is here! 40 attendees 3 returning contributors 9 count\xe2\x80\xa6',b'RT \xf0\x9f\xa7\xb5The Latin America #ScikitLearnSprint sprint report is here! 40 attendees 3 returning contributors 9 count\xe2\x80\xa6',b'yimingleon is the Leader of the GB leaderboard for Python with Tiny codebase size Technical debt density for publi https://t.co/dr7V0h8FKr',b'RT _Tele Have you seen this snake Hunt for escaped python in Kirkcaldy https://t.co/0Wf5Ntkmbs https://t.co/fIuM9mDdnL',b'Get you someone who can do both\xe2\x80\xa6. or several #Gay #Military #lawenforcement #wolverine #raybans #coyboy #python https://t.co/w6t7i6gwom',b'RT Tonight\xe2\x80\x99s obligatory Graham Chapman post is one of my favorite photos of him with Terry Jones my second favorite Python\xe2\x80\xa6'
b'Our #cellscience researchers developed The Allen Cell Structure Segmenter an #openscience python-based toolkit to https://t.co/r9UPaQ612i',"b'RT A buttload of my code is running on this thing Python code. Looking at your code ""walking around never gets old https://t.c\xe2\x80\xa6'",b'RT Regexploit Find Regular Expressions Which Are Vulnerable To ReDoS (Regular Expression Denial Of Service https://t.co/Hjft6\xe2\x80\xa6',"b""RT Whether you're just getting into statistics or wanting to brush up on your knowledge I'm sure we have the perfect course\xe2\x80\xa6""",b'RT *Laughs in Python https://t.co/uMQVw5FSZa https://t.co/y2oKCkNv9u',b'RT Why Is Image Recognition a Key Function of AI? #MachineLearning #5G #DataScience #100DaysOfCode #Python #BigData #AI #I\xe2\x80\xa6',b'RT Why Is Image Recognition a Key Function of AI? #MachineLearning #5G #DataScience #100DaysOfCode #Python #BigData #AI #I\xe2\x80\xa6',b'RT #census #machinelearning #python #classificationmodels #datascience Step by Step guide to Predict Census Income using Cl\xe2\x80\xa6',b'We write essays for pay DM the prompt. Economics #javascript Biology Econometrics #Homework Psychology Sociology https://t.co/hrWeUgH2lG',b'Very irritating query that works in the web interface is giving me an error when used with the python client. &gt B https://t.co/359iqzKZHp',b'RT We have a team of professionals more than ready to assist DM for Assignment help #Paper pay #python #homework #Online\xe2\x80\xa6',b'RT The next-generation #Snapdragon 888 #5G Mobile Platform delivering unparalleled performance and intelligence with ou\xe2\x80\xa6',b'We have a team of professionals more than ready to assist DM for Assignment help #Paper pay #python #homework https://t.co/TZEg6JHOk5',b'#census #machinelearning #python #classificationmodels #datascience Step by Step guide to Predict Census Income usi https://t.co/gKy8ieIbKe',b'RT Why Is Image Recognition a Key Function of AI? #MachineLearning #5G #DataScience #100DaysOfCode #Python #BigData #AI #I\xe2\x80\xa6',b'#census #machinelearning #python #classificationmodels #datascience Step by Step guide to Predict Census Income usi https://t.co/f5dQklrRzZ',b'RT RT RT . Domain For sale https://t.co/qLn8My2qko Buy Now Low Bin Price #Keeome #Keeo_me #\xe2\x80\xa6',b'RT RT RT . Domain For sale https://t.co/qLn8My2qko Buy Now Low Bin Price #Keeome #Keeo_me #\xe2\x80\xa6',b'RT Why Is Image Recognition a Key Function of AI? #MachineLearning #5G #DataScience #100DaysOfCode #Python #BigData #AI #I\xe2\x80\xa6',"b'Come work with me at Tableau on cloud data management systems supporting Analytics The team is fully remote (USA, https://t.co/zScOYDe9Fi'",b'RT #FreePress #FreeSpeech #FreeThought #FreeWilly\xf0\x9f\x98\x90 #indiedev #indiegames #indie_anime #science #laicism #TFSM #LGBT #LGBTQ\xe2\x80\xa6',b'RT Compare computational methods for least squares regression #ArtificialIntelligence #AI #DataScience #100DaysOfCode #Pytho\xe2\x80\xa6',b'RT Why Is Image Recognition a Key Function of AI? #MachineLearning #5G #DataScience #100DaysOfCode #Python #BigData #AI #I\xe2\x80\xa6',b'RT The next-generation #Snapdragon 888 #5G Mobile Platform delivering unparalleled performance and intelligence with ou\xe2\x80\xa6',b'RT RT RT . Domain For Sale https://t.co/rMTvDjGt3b #aisa #trader #NoviAsia #Novi #cryptowalle\xe2\x80\xa6',"b""Proof of Python's or umbrella hat I'm pretty sure I know which one is really useful here Bill is some guy!""",b'RT RT RT . Domain For Sale https://t.co/rMTvDjGt3b #aisa #trader #NoviAsia #Novi #cryptowalle\xe2\x80\xa6',b'RT RT RT . Domain For Sale https://t.co/rMTvDjGt3b #aisa #trader #NoviAsia #Novi #cryptowalle\xe2\x80\xa6',b'The next-generation #Snapdragon 888 #5G Mobile Platform delivering unparalleled performance and intelligence with https://t.co/B20fYXRiUt',b'#Programming language wordings are very intuitive these days By hearing the name of a particular language we star https://t.co/8AMHArTAvB',b'RT Compare computational methods for least squares regression #ArtificialIntelligence #AI #DataScience #100DaysOfCode #Pytho\xe2\x80\xa6',b'RT [CVE-2021-36367 Putty spoofed authentication prompt https://t.co/xTdsZlkTTs #MachineLearning #5G #DataScience #100Days\xe2\x80\xa6',b'RT _Piccard Bias in AI isn\xe2\x80\x99t an enterprise priority but it should be survey warns https://t.co/X6RzebV3zT #MachineLearning #Dat\xe2\x80\xa6',b'RT ZS is hiring #BigData developers to join its Architecture &amp Engineering Expertise Center in India to innovate cutting-edg\xe2\x80\xa6',b'RT _connect Artificial Intelligence Gets Real for Big Firms https://t.co/3bqx0IsyjN #MachineLearning #5G #DataScience #100DaysOfCo\xe2\x80\xa6',b'RT Is this future of coding? #AI #MachineLearning #coding #RStats #javascript #reactjs #Python \xe2\x80\xa6',b'ZS is hiring #BigData developers to join its Architecture &amp Engineering Expertise Center in India to innovate cutti https://t.co/migXwrOauI',b'RT Infographic Simple Linear Regression #theinsaneapp #ML #AI #MachineLearning #BigData #DataScience #IoT #Serverless #Wom\xe2\x80\xa6',b'RT Domain For Sale https://t.co/dTkVa9AGxK #ChickenChangezi #ChangeziChicken #Chicken #chickenrecipes #chickenrecipe #recipe #\xe2\x80\xa6',b'Giveaway Full CCNP CCIE ENCOR course (and lots more) Be quick! YouTube video https://t.co/tK3rE9NTOK #ccnp https://t.co/LiFIchU23O',b'RT Tom Brady\xe2\x80\x99s First #NFT Platform Partners With Lionsgate and DraftKings.... Can His Blockchain Be Hacked https://t.co\xe2\x80\xa6',b'RT Domain For Sale https://t.co/dTkVa9AGxK #ChickenChangezi #ChangeziChicken #Chicken #chickenrecipes #chickenrecipe #recipe #\xe2\x80\xa6',b'RT Oh Jason I miss you https://t.co/xKjUaaQr9T',b'RT Make mistake.. \xf0\x9f\x92\xab #learning #NieR #\xe3\x82\xa4\xe3\x83\x8b\xe3\x82\xb7\xe3\x82\xa8\xe3\x83\x8e\xe3\x82\xa6\xe3\x82\xbf #OpeningCeremony #\xe3\x82\xb2\xe3\x83\xbc\xe3\x83\xa0\xe9\x9f\xb3\xe6\xa5\xbd #\xe3\x82\xb2\xe3\x83\xbc\xe3\x83\xa0\xe9\x9f\xb3 #Olympics #nomin #DeltaVariant #\xe6\x9d\xb1\xe4\xba\xac2020 #\xe2\x80\xa6',b'No Its the next Monty Python sketch Its not a new variant.. its a very naughty boy',b'RT On my Twitter journey I wrote a lot of threads on DevOps AWS and Python. Here are some of my best ones \xf0\x9f\x91\x87',b'RT #FEATURED #COURSES Machine Learning Data Science and Deep Learning with Python Complete hands-on #machine #learning tutoria\xe2\x80\xa6',b'RT . Domains For sale https://t.co/0YeRs3JJLb https://t.co/ke7bPV3rhW https://t.co/sLmytllUpy #LearnData #Data #datascience #1\xe2\x80\xa6',b'RT _7 Speakers to Explore \xe2\x80\x98Artificial Intelligence Today and Tomorrow on July 8 as Part of BIL-T Conference Series EIN Ne\xe2\x80\xa6',b'RT . Domains For sale https://t.co/0YeRs3JJLb https://t.co/ke7bPV3rhW https://t.co/sLmytllUpy #LearnData #Data #datascience #1\xe2\x80\xa6',b'RT . Domains For sale https://t.co/0YeRs3JJLb https://t.co/ke7bPV3rhW https://t.co/sLmytllUpy #LearnData #Data #datascience #1\xe2\x80\xa6',b'RT On my Twitter journey I wrote a lot of threads on DevOps AWS and Python. Here are some of my best ones \xf0\x9f\x91\x87',b'RT . Domain For Sale https://t.co/mjXvyZ7T9r #aisa #trader #NoviAsia #Novi #cryptowallet #Marketing #Media #News #Startups #10\xe2\x80\xa6',b'RT How AI is Revolutionizing Video Creation https://t.co/pHo3HRRoXL #artificialintelligence #ai #machinelearning #technology\xe2\x80\xa6',b'RT _ Double Q-Learning &amp Double DQN with Python and TensorFlow https://t.co/bCMSc9OfTd #Tensorflow',b'RT . Domain For Sale https://t.co/mjXvyZ7T9r #aisa #trader #NoviAsia #Novi #cryptowallet #Marketing #Media #News #Startups #10\xe2\x80\xa6',"b""RT _hameed #MWC2021 'Lagging behind Spain looking to be leader in artificial intelligence says Carme Artigas https://t.co/3bTObpUYw\xe2\x80\xa6""",b'RT How AI is Revolutionizing Video Creation https://t.co/pHo3HRRoXL #artificialintelligence #ai #machinelearning #technology\xe2\x80\xa6',b'RT Top 3 ways to write your tensorflow code \xe2\x9c\x85\xe2\x9e\xa1\xef\xb8\x8f https://t.co/sHBbUzbWcI #DataScience #100DaysOfCode #Python #MachineLearning\xe2\x80\xa6',b'RT Linux Privilege Escalation Python Library Hijacking https://t.co/Qnd9g0cavt #infosec #pentest #redteaming #cybersec\xe2\x80\xa6',b'RT . Domain For Sale https://t.co/mjXvyZ7T9r #aisa #trader #NoviAsia #Novi #cryptowallet #Marketing #Media #News #Startups #10\xe2\x80\xa6',b'RT Is this future of coding? #AI #MachineLearning #coding #RStats #javascript #reactjs #Python \xe2\x80\xa6',b'RT _Coupons1 Adobe Illustrator CC Beginner Essentials Masterclass https://t.co/maPiwDHDgx #MachineLearning #BigData #Analytics #\xe2\x80\xa6',"b""22 Nuest holding and picturing with python (ft Ren's signature eye rolling\xf0\x9f\x99\x84 https://t.co/art5PbkJcW""",b'RT How AI is Revolutionizing Video Creation https://t.co/pHo3HRRoXL #artificialintelligence #ai #machinelearning #technology\xe2\x80\xa6',b'RT _Coupons1 Adobe Illustrator CC Beginner Essentials Masterclass https://t.co/maPiwDHDgx #MachineLearning #BigData #Analytics #\xe2\x80\xa6',b'RT Linux Privilege Escalation Python Library Hijacking https://t.co/Qnd9g0cavt #infosec #pentest #redteaming #cybersec\xe2\x80\xa6',b'RT \xf0\x9f\xa7\xb5The Latin America #ScikitLearnSprint sprint report is here! 40 attendees 3 returning contributors 9 count\xe2\x80\xa6',b'RT \xf0\x9f\xa7\xb5The Latin America #ScikitLearnSprint sprint report is here! 40 attendees 3 returning contributors 9 count\xe2\x80\xa6',b'yimingleon is the Leader of the GB leaderboard for Python with Tiny codebase size Technical debt density for publi https://t.co/dr7V0h8FKr',b'RT _Tele Have you seen this snake Hunt for escaped python in Kirkcaldy https://t.co/0Wf5Ntkmbs https://t.co/fIuM9mDdnL',b'Get you someone who can do both\xe2\x80\xa6. or several #Gay #Military #lawenforcement #wolverine #raybans #coyboy #python https://t.co/w6t7i6gwom',b'RT Tonight\xe2\x80\x99s obligatory Graham Chapman post is one of my favorite photos of him with Terry Jones my second favorite Python\xe2\x80\xa6'
